text,sentiment
I absolutely love this product,Positive
This is amazing and works perfectly,Positive
Very satisfied with the results,Positive
Fantastic quality and great service,Positive
Highly recommend this to everyone,Positive
This made my day,Positive
Super happy with my purchase,Positive
Excellent experience overall,Positive
Best thing I bought this year,Positive
Really impressed with the performance,Positive
Great job well done,Positive
I enjoy using this every day,Positive
This is wonderful,Positive
Love the design and usability,Positive
Very good and reliable,Positive
This exceeded my expectations,Positive
Top quality product,Positive
Five stars from me,Positive
Brilliant work,Positive
Totally worth it,Positive
I am very pleased,Positive
Outstanding service,Positive
It works like a charm,Positive
This is perfect,Positive
Absolutely fantastic,Positive
Very smooth and efficient,Positive
Good value for money,Positive
Everything is great,Positive
Loved it so much,Positive
Extremely happy with this,Positive
Great experience overall,Positive
Nice and easy to use,Positive
Thumbs up,Positive

This is the worst thing ever,Negative
I hate this so much,Negative
Very bad experience,Negative
Totally disappointed,Negative
Not worth the money,Negative
Poor quality product,Negative
Really frustrating to use,Negative
I regret buying this,Negative
Terrible performance,Negative
This is awful,Negative
Worst purchase ever,Negative
Not satisfied at all,Negative
Very unhappy with this,Negative
This broke quickly,Negative
Extremely disappointing,Negative
Waste of money,Negative
Bad service and support,Negative
I do not like this,Negative
Very poor design,Negative
This is unacceptable,Negative
Horrible experience,Negative
I am very upset,Negative
Nothing works properly,Negative
This is bad,Negative
Does not meet expectations,Negative
Very slow and buggy,Negative
Disappointed with the quality,Negative
Worst experience ever,Negative
Not recommended at all,Negative
This failed badly,Negative
Very annoying to use,Negative
I hate the interface,Negative
Completely useless,Negative

It is okay,Neutral
Nothing special about this,Neutral
Average experience,Neutral
It works as expected,Neutral
This is fine,Neutral
Not bad not great,Neutral
It is just normal,Neutral
Fair enough,Neutral
Decent but not amazing,Neutral
This is acceptable,Neutral
Moderate performance,Neutral
It does the job,Neutral
Nothing impressive,Neutral
Just okay overall,Neutral
No strong opinion,Neutral
It is average,Neutral
Works fine sometimes,Neutral
Neither good nor bad,Neutral
Basic functionality,Neutral
Standard experience,Neutral
It meets expectations,Neutral
Just another product,Neutral
Nothing to complain about,Neutral
It is usable,Neutral
Average quality,Neutral
So far okay,Neutral
Neutral feeling about this,Neutral
Nothing unique,Neutral
It’s fine for now,Neutral
Not sure about this,Neutral
